id,first_name,last_name,email,id_seller
1,Cristiano,Ruprechter,cruprechter0@jimdo.com,32
2,Rickie,Duffield,rduffield1@blogtalkradio.com,22
3,Dougie,Lord,dlord2@parallels.com,3
4,Pamela,Sellack,psellack3@cargocollective.com,42
5,Pearline,Guidone,pguidone4@smh.com.au,35
6,Edmon,McIlwrath,emcilwrath5@shop-pro.jp,3
7,Kamilah,Verbeke,kverbeke6@reddit.com,48
8,Ted,Ferie,tferie7@yale.edu,50
9,Dulsea,Anthoin,danthoin8@networkadvertising.org,29
10,Natala,Mendonca,nmendonca9@deviantart.com,3
11,Rhetta,Rintoul,rrintoula@php.net,41
12,Orsa,Gaskell,ogaskellb@chronoengine.com,15
13,Karim,Kedie,kkediec@baidu.com,38
14,Terri,Locarno,tlocarnod@fastcompany.com,7
15,Peggi,McKag,pmckage@xinhuanet.com,12
16,Cob,Ladley,cladleyf@weebly.com,29
17,Lotta,Bonifacio,lbonifaciog@flickr.com,16
18,Pietrek,Dockwra,pdockwrah@bigcartel.com,7
19,Weston,Raison,wraisoni@engadget.com,36
20,Bel,Goodlip,bgoodlipj@bloglovin.com,17
21,Antone,Cussen,acussenk@harvard.edu,43
22,Elfrida,Eykel,eeykell@uiuc.edu,50
23,Claudell,Kingcott,ckingcottm@ebay.com,27
24,Cynthia,Glasbey,cglasbeyn@sohu.com,32
25,Robbi,Reinhardt,rreinhardto@baidu.com,14
26,Arny,Hollebon,ahollebonp@ox.ac.uk,1
27,Sidoney,Eberdt,seberdtq@netscape.com,44
28,Yolande,Diment,ydimentr@smugmug.com,44
29,Alonzo,Johann,ajohanns@squidoo.com,41
30,Lucinda,Seyers,lseyerst@google.co.jp,28
31,Tracey,Drew-Clifton,tdrewcliftonu@telegraph.co.uk,32
32,Sorcha,Reede,sreedev@godaddy.com,5
33,Coleen,MacArthur,cmacarthurw@theglobeandmail.com,28
34,Kenny,Tixall,ktixallx@fda.gov,18
35,Patricio,Basek,pbaseky@printfriendly.com,31
36,Killy,Tynan,ktynanz@deliciousdays.com,17
37,Tynan,Saladine,tsaladine10@freewebs.com,39
38,Buddie,Gradley,bgradley11@rakuten.co.jp,11
39,Cathyleen,Redmille,credmille12@samsung.com,42
40,Cristin,Wintle,cwintle13@wikipedia.org,40
41,Barthel,Farloe,bfarloe14@blog.com,3
42,Drucy,Richarson,dricharson15@last.fm,23
43,Jenny,Birchwood,jbirchwood16@dagondesign.com,48
44,Liva,Turville,lturville17@elegantthemes.com,26
45,Ardra,McCullough,amccullough18@shop-pro.jp,49
46,Jillian,Elloy,jelloy19@edublogs.org,29
47,Mohammed,Leschelle,mleschelle1a@lycos.com,15
48,Wilfred,Fishbourn,wfishbourn1b@cornell.edu,44
49,Jose,Kembery,jkembery1c@hp.com,38
50,Suzann,Bohan,sbohan1d@newsvine.com,30
51,Percy,Lacroutz,placroutz1e@ucoz.ru,32
52,Rosalia,Lowing,rlowing1f@linkedin.com,24
53,Etienne,Trewhitt,etrewhitt1g@linkedin.com,37
54,Anetta,Shinton,ashinton1h@hexun.com,18
55,Moise,Waymont,mwaymont1i@joomla.org,42
56,Ashley,MacLoughlin,amacloughlin1j@sohu.com,21
57,Cherise,Godard,cgodard1k@tumblr.com,18
58,Brok,Iacivelli,biacivelli1l@cdc.gov,21
59,Anna,Westhofer,awesthofer1m@ameblo.jp,8
60,Tobin,Bruhnke,tbruhnke1n@smugmug.com,38
61,Renate,Dearing,rdearing1o@skyrock.com,37
62,Mariam,Fuentes,mfuentes1p@exblog.jp,12
63,Boycie,Sitlington,bsitlington1q@shinystat.com,9
64,Viviene,Anniwell,vanniwell1r@telegraph.co.uk,42
65,Caryn,Marzelle,cmarzelle1s@e-recht24.de,18
66,Dee dee,Ceyssen,dceyssen1t@go.com,41
67,Robb,Feaviour,rfeaviour1u@mediafire.com,30
68,Silvano,Antonutti,santonutti1v@4shared.com,46
69,Josee,Verity,jverity1w@globo.com,31
70,Addison,Crickett,acrickett1x@sfgate.com,21
71,Chevy,Keppe,ckeppe1y@time.com,23
72,Ferd,Dyzart,fdyzart1z@berkeley.edu,15
73,Arlyne,Phizacklea,aphizacklea20@mail.ru,8
74,Lammond,Allan,lallan21@amazonaws.com,20
75,Kay,Morican,kmorican22@spotify.com,31
76,Bessy,Keilloh,bkeilloh23@google.it,20
77,Wiley,Gorioli,wgorioli24@over-blog.com,9
78,Myrtie,Ferns,mferns25@quantcast.com,33
79,Hamish,Kilbourne,hkilbourne26@ftc.gov,49
80,Selie,Fordham,sfordham27@constantcontact.com,35
81,Edy,Gadsdon,egadsdon28@cocolog-nifty.com,35
82,Roxi,Lissandri,rlissandri29@skyrock.com,11
83,Christalle,Nussey,cnussey2a@msn.com,41
84,Ariadne,Avramovsky,aavramovsky2b@hibu.com,40
85,Julita,Slocombe,jslocombe2c@is.gd,16
86,Jerrie,Meth,jmeth2d@nyu.edu,34
87,Lianne,Tellwright,ltellwright2e@barnesandnoble.com,48
88,Marilin,Summerton,msummerton2f@ameblo.jp,19
89,Lolly,Huddart,lhuddart2g@trellian.com,18
90,Hyacinthe,Hodcroft,hhodcroft2h@buzzfeed.com,7
91,Eadmund,Wapol,ewapol2i@slate.com,48
92,Louie,Jellyman,ljellyman2j@pbs.org,50
93,Melli,Portlock,mportlock2k@quantcast.com,35
94,Griffin,Purdie,gpurdie2l@opensource.org,9
95,Freida,Dougan,fdougan2m@odnoklassniki.ru,24
96,Kaia,Riggert,kriggert2n@webmd.com,39
97,Jess,Lewson,jlewson2o@plala.or.jp,7
98,Michaela,Beert,mbeert2p@cyberchimps.com,36
99,Dulcine,Romaines,dromaines2q@friendfeed.com,37
100,Reinaldo,Launchbury,rlaunchbury2r@storify.com,20
101,Delia,Osan,dosan2s@altervista.org,6
102,Beryl,Jindrak,bjindrak2t@ft.com,40
103,Quintin,Whifen,qwhifen2u@myspace.com,28
104,Alexio,Lillegard,alillegard2v@posterous.com,33
105,Lynnea,Henlon,lhenlon2w@fc2.com,48
106,Hanson,Osichev,hosichev2x@unc.edu,46
107,Royce,Applin,rapplin2y@last.fm,27
108,Indira,Fey,ifey2z@prweb.com,43
109,Dedra,Grigsby,dgrigsby30@deliciousdays.com,19
110,Kendricks,Brighty,kbrighty31@photobucket.com,11
111,Margy,Benson,mbenson32@live.com,22
112,Benedicta,Flemming,bflemming33@etsy.com,29
113,Marcus,Moxon,mmoxon34@about.me,31
114,Rolph,Hobbema,rhobbema35@sina.com.cn,17
115,Shayne,Beevor,sbeevor36@amazon.co.jp,31
116,Dukey,Whetson,dwhetson37@sun.com,11
117,Nathaniel,Stannislawski,nstannislawski38@de.vu,38
118,Cordy,Mant,cmant39@whitehouse.gov,11
119,Cecile,Goodere,cgoodere3a@fotki.com,46
120,Mia,Howse,mhowse3b@gizmodo.com,23
121,Harbert,Machon,hmachon3c@yandex.ru,8
122,Krystyna,MacPeake,kmacpeake3d@businesswire.com,13
123,Reinhold,Claeskens,rclaeskens3e@imdb.com,5
124,Ambrosio,Flowerden,aflowerden3f@shop-pro.jp,19
125,Quincey,Oddie,qoddie3g@bandcamp.com,43
126,Timmi,Prettjohn,tprettjohn3h@ed.gov,45
127,Tyrus,Gabbott,tgabbott3i@taobao.com,21
128,Derek,Mager,dmager3j@opera.com,31
129,Dacey,Tofano,dtofano3k@cbsnews.com,30
130,Nikolas,Woodes,nwoodes3l@uiuc.edu,25
131,Patrizius,Axel,paxel3m@ox.ac.uk,1
132,Cassie,Showen,cshowen3n@paginegialle.it,46
133,Ellette,Hebditch,ehebditch3o@addthis.com,31
134,Graeme,Muzzini,gmuzzini3p@surveymonkey.com,27
135,Willdon,Moohan,wmoohan3q@pcworld.com,11
136,Sherill,Merwe,smerwe3r@nyu.edu,30
137,Kayle,Macon,kmacon3s@ifeng.com,25
138,Jorie,Kemery,jkemery3t@mlb.com,41
139,Kenneth,Elstow,kelstow3u@mit.edu,22
140,Lorraine,Heis,lheis3v@java.com,8
141,Hector,Kinnard,hkinnard3w@feedburner.com,7
142,Dylan,Blainey,dblainey3x@who.int,31
143,Goldarina,Coch,gcoch3y@howstuffworks.com,37
144,Saudra,Varvara,svarvara3z@yahoo.com,9
145,Ammamaria,Binion,abinion40@illinois.edu,23
146,Juliet,Rycraft,jrycraft41@vk.com,12
147,Dane,Munslow,dmunslow42@soup.io,20
148,Lucy,Ducker,lducker43@europa.eu,1
149,Sarene,Horbart,shorbart44@bluehost.com,14
150,Barbette,Wimmer,bwimmer45@github.com,4
151,Merrili,Toffolini,mtoffolini46@army.mil,1
152,Chickie,Hawkins,chawkins47@netlog.com,32
153,Ferdie,Vasnetsov,fvasnetsov48@google.ca,35
154,Grannie,Yellowlea,gyellowlea49@discovery.com,18
155,Lee,Erickson,lerickson4a@phoca.cz,32
156,Rozanna,Napier,rnapier4b@pinterest.com,6
157,Aggi,Gullick,agullick4c@soundcloud.com,13
158,Anthea,Othick,aothick4d@china.com.cn,50
159,Joannes,Khristyukhin,jkhristyukhin4e@google.it,31
160,Aimee,Vondrys,avondrys4f@mapquest.com,2
161,Lucio,Kennelly,lkennelly4g@last.fm,41
162,Kleon,Brewster,kbrewster4h@google.co.jp,43
163,Papagena,Doggett,pdoggett4i@ifeng.com,3
164,Chucho,Lindsley,clindsley4j@youku.com,3
165,Vevay,Kornacki,vkornacki4k@weather.com,15
166,Gilli,Everett,geverett4l@vistaprint.com,1
167,Zackariah,Scranny,zscranny4m@shutterfly.com,42
168,Callida,Spring,cspring4n@soup.io,9
169,Lennie,Hullins,lhullins4o@miibeian.gov.cn,3
170,Tamas,Di Bartolommeo,tdibartolommeo4p@slashdot.org,15
171,Alf,Peck,apeck4q@studiopress.com,8
172,Pancho,Pears,ppears4r@house.gov,44
173,Sophia,Paladini,spaladini4s@t-online.de,38
174,Rahal,Defew,rdefew4t@bluehost.com,11
175,Gustaf,Treat,gtreat4u@artisteer.com,12
176,Dory,Bergstrand,dbergstrand4v@pagesperso-orange.fr,2
177,Camile,Fyldes,cfyldes4w@aboutads.info,45
178,Stevena,Broom,sbroom4x@ebay.co.uk,33
179,Findlay,Caudrelier,fcaudrelier4y@free.fr,38
180,Koo,Gosart,kgosart4z@elegantthemes.com,25
181,Gabrielle,Paulot,gpaulot50@amazon.co.jp,34
182,Natala,Robardet,nrobardet51@imageshack.us,22
183,Dukey,Tombleson,dtombleson52@vkontakte.ru,1
184,Adriano,Axford,aaxford53@un.org,21
185,Alberik,Hawking,ahawking54@woothemes.com,25
186,Nickey,Hesbrook,nhesbrook55@oakley.com,20
187,Dasie,Rosina,drosina56@taobao.com,14
188,Myrwyn,Airdrie,mairdrie57@icio.us,13
189,Zared,Lorden,zlorden58@blinklist.com,6
190,Kinny,Dilley,kdilley59@google.pl,25
191,Nettie,Sango,nsango5a@seattletimes.com,34
192,Carolin,Ninnotti,cninnotti5b@noaa.gov,48
193,Eve,Blastock,eblastock5c@privacy.gov.au,29
194,Dasi,Bonick,dbonick5d@cisco.com,12
195,Beckie,Magarrell,bmagarrell5e@hhs.gov,36
196,Tess,Ollivierre,tollivierre5f@va.gov,31
197,Byrann,Filyashin,bfilyashin5g@europa.eu,8
198,Andonis,Fanning,afanning5h@yelp.com,44
199,Aurelia,Sings,asings5i@shop-pro.jp,23
200,Elinor,Bonaire,ebonaire5j@vinaora.com,11
201,Ashely,Clackson,aclackson5k@adobe.com,41
202,Vivianna,Dehm,vdehm5l@buzzfeed.com,14
203,Ryley,Bartolomivis,rbartolomivis5m@jiathis.com,29
204,Margit,Croasdale,mcroasdale5n@auda.org.au,38
205,Danice,Seville,dseville5o@slideshare.net,36
206,Sinclare,Torry,storry5p@sitemeter.com,27
207,Roldan,Stillert,rstillert5q@stumbleupon.com,19
208,Fina,Lalor,flalor5r@acquirethisname.com,12
209,Carlee,Vaun,cvaun5s@accuweather.com,47
210,Quintilla,Busson,qbusson5t@house.gov,21
211,Evelin,Patchett,epatchett5u@ask.com,31
212,Orsola,Screach,oscreach5v@ihg.com,15
213,Marietta,Prazor,mprazor5w@nhs.uk,27
214,Mirelle,Lissimore,mlissimore5x@linkedin.com,29
215,Abeu,Jellings,ajellings5y@princeton.edu,20
216,Morley,Allred,mallred5z@census.gov,14
217,Min,Pickerin,mpickerin60@intel.com,15
218,Martelle,Morstatt,mmorstatt61@cnbc.com,34
219,Jordain,Bronot,jbronot62@usgs.gov,10
220,Almira,Grelka,agrelka63@xinhuanet.com,14
221,Leanor,Barhem,lbarhem64@miibeian.gov.cn,33
222,Camila,Tamblingson,ctamblingson65@berkeley.edu,37
223,Jordana,Coule,jcoule66@nyu.edu,40
224,Kore,Audenis,kaudenis67@omniture.com,30
225,Noble,Valdes,nvaldes68@discuz.net,19
226,Francoise,Hucknall,fhucknall69@vimeo.com,27
227,Dewey,Urling,durling6a@reference.com,16
228,Selle,Dunmore,sdunmore6b@sfgate.com,50
229,Fritz,Pechacek,fpechacek6c@storify.com,18
230,Davine,Lewinton,dlewinton6d@shop-pro.jp,48
231,Misty,Dobkin,mdobkin6e@abc.net.au,42
232,Roanne,Sussems,rsussems6f@nifty.com,23
233,Milena,Allonby,mallonby6g@tmall.com,24
234,Kirbie,Andrasch,kandrasch6h@theatlantic.com,25
235,Allister,Pignon,apignon6i@friendfeed.com,14
236,Starlene,Bovis,sbovis6j@ucoz.com,27
237,Odell,Snedker,osnedker6k@plala.or.jp,18
238,Marlyn,Mariotte,mmariotte6l@acquirethisname.com,39
239,Nelie,Missenden,nmissenden6m@parallels.com,20
240,Cord,Probbing,cprobbing6n@zdnet.com,7
241,Aurore,Gagie,agagie6o@wisc.edu,3
242,Krissy,Morecomb,kmorecomb6p@nationalgeographic.com,22
243,Guss,Breitling,gbreitling6q@nhs.uk,10
244,Martynne,Runsey,mrunsey6r@engadget.com,11
245,Malynda,Broxis,mbroxis6s@topsy.com,31
246,Livvie,McGriffin,lmcgriffin6t@tinypic.com,41
247,Erick,Drewell,edrewell6u@delicious.com,47
248,Nealon,Fransinelli,nfransinelli6v@technorati.com,14
249,Neale,Le Brun,nlebrun6w@shareasale.com,44
250,Grace,Capner,gcapner6x@soundcloud.com,26
251,Sheffy,McOmish,smcomish6y@360.cn,13
252,Arlina,Abelson,aabelson6z@acquirethisname.com,44
253,Korrie,Sylvaine,ksylvaine70@patch.com,25
254,Sigismond,Balmforth,sbalmforth71@hp.com,48
255,Sena,Kasparski,skasparski72@admin.ch,42
256,Fritz,Price,fprice73@over-blog.com,32
257,Marylee,Eicheler,meicheler74@macromedia.com,28
258,Anabal,Jurisch,ajurisch75@spiegel.de,4
259,Eloise,Burcombe,eburcombe76@sakura.ne.jp,9
260,Cary,Breming,cbreming77@nytimes.com,25
261,Jacquetta,Schimaschke,jschimaschke78@umich.edu,32
262,Chastity,Jessup,cjessup79@google.com,22
263,Fredelia,Wilkennson,fwilkennson7a@nih.gov,11
264,Amery,Cruickshank,acruickshank7b@vistaprint.com,25
265,Amos,Frankes,afrankes7c@apache.org,24
266,Parrnell,Sawers,psawers7d@nasa.gov,18
267,Maynord,Paddeley,mpaddeley7e@homestead.com,26
268,Ricardo,Simenel,rsimenel7f@ucla.edu,42
269,Cole,O'Farrell,cofarrell7g@gravatar.com,5
270,Monti,Danskine,mdanskine7h@mysql.com,37
271,Rafaelita,Spanton,rspanton7i@wp.com,13
272,Ebony,Clifforth,eclifforth7j@flickr.com,17
273,Hillel,Phalip,hphalip7k@epa.gov,23
274,Glenda,Heathcoat,gheathcoat7l@phpbb.com,28
275,Nero,Fumagalli,nfumagalli7m@desdev.cn,16
276,Hale,Risborough,hrisborough7n@squarespace.com,12
277,Grayce,Hanhardt,ghanhardt7o@usgs.gov,42
278,Chanda,Llopis,cllopis7p@ucoz.ru,33
279,Rem,Kittless,rkittless7q@cdc.gov,9
280,Barby,Bellon,bbellon7r@shareasale.com,48
281,Niven,Kyle,nkyle7s@tamu.edu,28
282,Fairfax,O'Mahoney,fomahoney7t@moonfruit.com,42
283,Cacilia,Schubert,cschubert7u@jugem.jp,2
284,Hope,Lyon,hlyon7v@studiopress.com,27
285,Danika,Espie,despie7w@symantec.com,32
286,Marietta,McGrill,mmcgrill7x@hud.gov,8
287,Randall,MacWhan,rmacwhan7y@redcross.org,32
288,Vonny,Channer,vchanner7z@desdev.cn,15
289,Sybille,Gawith,sgawith80@cnn.com,43
290,Norrie,MacKnight,nmacknight81@skype.com,19
291,Arlette,Gillbe,agillbe82@lulu.com,14
292,Saleem,Raddish,sraddish83@jugem.jp,40
293,Genna,Aubin,gaubin84@weebly.com,21
294,Blane,Wartnaby,bwartnaby85@g.co,50
295,Kailey,Tunn,ktunn86@sfgate.com,33
296,Michaela,Brilleman,mbrilleman87@chronoengine.com,6
297,Robenia,Kirwood,rkirwood88@t-online.de,4
298,Van,Ottewill,vottewill89@un.org,11
299,Maddalena,Marcu,mmarcu8a@themeforest.net,36
300,Humfried,Adao,hadao8b@tumblr.com,24
301,Justinn,Frape,jfrape8c@photobucket.com,15
302,Had,MacCallister,hmaccallister8d@jugem.jp,49
303,Emery,Southouse,esouthouse8e@free.fr,6
304,Sammy,Jerome,sjerome8f@wix.com,30
305,Yorgo,Ryhorovich,yryhorovich8g@sciencedaily.com,37
306,Aurel,Kirwood,akirwood8h@wunderground.com,12
307,Enoch,Tothacot,etothacot8i@youku.com,30
308,Bree,Gierck,bgierck8j@netlog.com,16
309,Valida,Kobera,vkobera8k@techcrunch.com,43
310,Leann,Smyth,lsmyth8l@netlog.com,13
311,Wendye,Casina,wcasina8m@people.com.cn,20
312,Huntlee,Edworthy,hedworthy8n@topsy.com,11
313,Domingo,Bamlett,dbamlett8o@youtube.com,21
314,Jerrie,Shephard,jshephard8p@example.com,23
315,Anne-marie,Worsfield,aworsfield8q@wufoo.com,1
316,Nolana,Dailey,ndailey8r@netscape.com,46
317,Berri,Ancliff,bancliff8s@ftc.gov,41
318,Garret,Sulman,gsulman8t@naver.com,30
319,Iain,aManger,iamanger8u@nbcnews.com,39
320,Virgie,Abram,vabram8v@last.fm,42
321,Vassili,O'Shiels,voshiels8w@pbs.org,29
322,Malchy,Atto,matto8x@google.co.uk,17
323,Vincenty,Heberden,vheberden8y@friendfeed.com,27
324,Brietta,Hurle,bhurle8z@jimdo.com,16
325,Antonia,Andriss,aandriss90@kickstarter.com,24
326,Shepherd,Apted,sapted91@geocities.com,34
327,Annabella,Merrington,amerrington92@princeton.edu,38
328,Eugene,Latey,elatey93@arstechnica.com,22
329,Chrysa,Gogarty,cgogarty94@csmonitor.com,36
330,Kara,Rennock,krennock95@cdc.gov,10
331,Arly,Antley,aantley96@quantcast.com,46
332,Margarette,Forber,mforber97@blinklist.com,12
333,Tildie,Mauditt,tmauditt98@usnews.com,30
334,Tobe,Crolla,tcrolla99@odnoklassniki.ru,31
335,Dalila,Stelfox,dstelfox9a@histats.com,30
336,Ody,Garling,ogarling9b@tripadvisor.com,11
337,Enid,Sails,esails9c@omniture.com,6
338,Keven,Barsby,kbarsby9d@cnet.com,38
339,Mellie,Hartup,mhartup9e@studiopress.com,1
340,Mayne,Hunston,mhunston9f@adobe.com,38
341,Marcos,Eckersall,meckersall9g@webnode.com,23
342,Loleta,Burness,lburness9h@wunderground.com,34
343,Mic,Davidovic,mdavidovic9i@reddit.com,25
344,Frasier,Edwick,fedwick9j@berkeley.edu,45
345,Stafani,Brimm,sbrimm9k@arizona.edu,5
346,Nealy,Tommis,ntommis9l@godaddy.com,29
347,Marney,Chatres,mchatres9m@yellowpages.com,26
348,Lammond,Sharply,lsharply9n@virginia.edu,16
349,Elwood,Iacapucci,eiacapucci9o@meetup.com,10
350,Morie,Wolters,mwolters9p@msu.edu,48
351,Clayborne,Bradnock,cbradnock9q@lulu.com,35
352,Idette,Ambrogio,iambrogio9r@pen.io,27
353,Carlen,Kovelmann,ckovelmann9s@t-online.de,47
354,Brockie,Wharrier,bwharrier9t@linkedin.com,41
355,Pauly,Tilney,ptilney9u@hatena.ne.jp,50
356,Finley,Setter,fsetter9v@rakuten.co.jp,49
357,Jocelin,Worsall,jworsall9w@apache.org,20
358,Elbertina,Rannie,erannie9x@lulu.com,17
359,Elicia,Ormesher,eormesher9y@altervista.org,30
360,Cordelie,McCorrie,cmccorrie9z@ask.com,29
361,Corry,Belli,cbellia0@nytimes.com,25
362,Leoine,Krammer,lkrammera1@soundcloud.com,5
363,Anthe,Archell,aarchella2@omniture.com,15
364,Nicola,Knowlton,nknowltona3@ezinearticles.com,35
365,Vina,Soane,vsoanea4@cloudflare.com,22
366,Kimbell,Burtonwood,kburtonwooda5@ameblo.jp,42
367,Letta,Stonall,lstonalla6@gizmodo.com,36
368,Lotta,Glozman,lglozmana7@dedecms.com,21
369,Glynnis,Gallehock,ggallehocka8@sakura.ne.jp,34
370,Erin,Peascod,epeascoda9@berkeley.edu,43
371,Melli,Father,mfatheraa@go.com,3
372,Nicolai,Halladay,nhalladayab@unesco.org,39
373,Loella,Gumm,lgummac@cornell.edu,28
374,Lynnett,Gergely,lgergelyad@cnbc.com,30
375,Alvira,Clamo,aclamoae@nationalgeographic.com,17
376,Gisella,Birtles,gbirtlesaf@ovh.net,10
377,Elayne,McCarry,emccarryag@addtoany.com,9
378,Sanders,Honeywood,shoneywoodah@desdev.cn,46
379,Trixi,Garroch,tgarrochai@nature.com,6
380,Ebonee,Clarricoates,eclarricoatesaj@sun.com,38
381,Susette,Cheale,schealeak@google.com.au,38
382,Berny,Forryan,bforryanal@go.com,40
383,Audie,Bangham,abanghamam@irs.gov,16
384,Lona,Kerfod,lkerfodan@cnn.com,6
385,Lucho,Johnston,ljohnstonao@ustream.tv,18
386,Putnem,Hardacre,phardacreap@umich.edu,27
387,Jolie,Souttar,jsouttaraq@hao123.com,6
388,Velvet,Krauze,vkrauzear@webs.com,50
389,Maryellen,Bovaird,mbovairdas@1und1.de,29
390,Magdalene,Phippard,mphippardat@wix.com,37
391,Norah,Rathbone,nrathboneau@sciencedirect.com,9
392,Fernande,Housecraft,fhousecraftav@google.ru,31
393,Aubrie,Gaffney,agaffneyaw@youtube.com,39
394,Conchita,Patkin,cpatkinax@cam.ac.uk,10
395,Aube,Whitford,awhitforday@shinystat.com,33
396,Bunny,Sill,bsillaz@moonfruit.com,43
397,Rayner,Childrens,rchildrensb0@google.ca,5
398,Alysia,Cockerill,acockerillb1@livejournal.com,18
399,Fidelity,Arblaster,farblasterb2@microsoft.com,8
400,Roxy,Kowalski,rkowalskib3@linkedin.com,23
401,Nanny,Scholey,nscholeyb4@live.com,5
402,Amberly,Pickless,apicklessb5@forbes.com,46
403,Martie,Peabody,mpeabodyb6@github.com,18
404,Bellina,Sabbatier,bsabbatierb7@msn.com,19
405,Ardys,Vossing,avossingb8@google.ca,12
406,Hanny,Cissell,hcissellb9@sun.com,3
407,Jarrett,Eustes,jeustesba@epa.gov,27
408,Arman,Sadat,asadatbb@bloglovin.com,37
409,Connie,Pezey,cpezeybc@cam.ac.uk,26
410,Hurlee,Lawdham,hlawdhambd@bing.com,5
411,Rodge,Janout,rjanoutbe@cisco.com,14
412,Barbara,Dutch,bdutchbf@yelp.com,40
413,Allys,Parry,aparrybg@youtube.com,31
414,Kean,Sandbatch,ksandbatchbh@mashable.com,34
415,Padgett,Heake,pheakebi@ezinearticles.com,16
416,Enriqueta,Darey,edareybj@merriam-webster.com,44
417,Garek,Gonnel,ggonnelbk@gmpg.org,40
418,Karena,Cunningham,kcunninghambl@wikipedia.org,28
419,Corey,Fevers,cfeversbm@ocn.ne.jp,27
420,Tedi,Adne,tadnebn@jugem.jp,8
421,Holt,Gauch,hgauchbo@fotki.com,24
422,Yorke,Dollar,ydollarbp@pcworld.com,39
423,Gwendolin,Clubley,gclubleybq@xinhuanet.com,21
424,Kimberlee,Bevington,kbevingtonbr@archive.org,9
425,Angy,Snook,asnookbs@fastcompany.com,36
426,Nichole,Tamlett,ntamlettbt@mysql.com,50
427,Obie,Ajean,oajeanbu@geocities.jp,28
428,Simona,Lease,sleasebv@walmart.com,21
429,Mada,Browne,mbrownebw@admin.ch,6
430,Dara,Machan,dmachanbx@toplist.cz,32
431,Danielle,Sagrott,dsagrottby@blogspot.com,38
432,Roberto,Shearwood,rshearwoodbz@i2i.jp,2
433,Edgard,Keggin,ekegginc0@histats.com,46
434,Nataline,Micheu,nmicheuc1@livejournal.com,23
435,Gwenneth,Conneely,gconneelyc2@is.gd,30
436,Vittorio,Fransewich,vfransewichc3@delicious.com,27
437,Derrik,Water,dwaterc4@bbb.org,21
438,Bethena,Mallon,bmallonc5@people.com.cn,21
439,Verine,Antcliff,vantcliffc6@yellowbook.com,17
440,Bevon,Billsberry,bbillsberryc7@cpanel.net,2
441,Barbee,Infantino,binfantinoc8@boston.com,22
442,Malena,Kares,mkaresc9@ted.com,5
443,La verne,Sudworth,lsudworthca@netscape.com,18
444,Heall,Krolman,hkrolmancb@trellian.com,46
445,Fayette,Dibbe,fdibbecc@webs.com,26
446,Dreddy,McAndie,dmcandiecd@mozilla.com,5
447,Athena,Kollatsch,akollatschce@naver.com,28
448,Gherardo,Mirando,gmirandocf@narod.ru,44
449,Aveline,O'Donovan,aodonovancg@ning.com,48
450,Jolynn,Gong,jgongch@indiegogo.com,7
451,Hobard,Toderi,htoderici@jalbum.net,25
452,Amelita,Oakman,aoakmancj@hc360.com,16
453,Sue,Buffin,sbuffinck@google.cn,50
454,Shandie,Rickertsen,srickertsencl@mac.com,32
455,Farand,Holtom,fholtomcm@example.com,17
456,Britni,Keepence,bkeepencecn@tuttocitta.it,17
457,Ezekiel,Antao,eantaoco@europa.eu,8
458,Hagen,Buggs,hbuggscp@indiatimes.com,8
459,Maisey,Hands,mhandscq@rediff.com,18
460,Lenora,Shardlow,lshardlowcr@com.com,28
461,Dov,Le feuvre,dlefeuvrecs@odnoklassniki.ru,20
462,Angeli,Lambard,alambardct@chronoengine.com,10
463,Lauren,Leneve,llenevecu@admin.ch,9
464,Drew,Trevers,dtreverscv@cisco.com,13
465,Jacqui,Sant,jsantcw@pen.io,4
466,Angelia,Aupol,aaupolcx@netscape.com,3
467,Arabele,Mityushkin,amityushkincy@ustream.tv,34
468,Ozzy,Stroud,ostroudcz@yahoo.co.jp,18
469,Yvette,Cogdell,ycogdelld0@reuters.com,26
470,Nonie,Salack,nsalackd1@storify.com,17
471,Shaughn,Simonitto,ssimonittod2@walmart.com,23
472,Dorian,Murtimer,dmurtimerd3@weibo.com,41
473,Abigael,Selwyne,aselwyned4@who.int,8
474,Rosalind,Loding,rlodingd5@wikispaces.com,46
475,Darcie,Candlish,dcandlishd6@independent.co.uk,37
476,Brande,Wandless,bwandlessd7@merriam-webster.com,2
477,Imogen,Poller,ipollerd8@zdnet.com,35
478,Layne,Van Velde,lvanvelded9@joomla.org,49
479,Addia,Ketchell,aketchellda@myspace.com,18
480,Lorelle,Kenealy,lkenealydb@technorati.com,44
481,Star,Callaghan,scallaghandc@senate.gov,50
482,Niko,Morais,nmoraisdd@privacy.gov.au,23
483,Hardy,Solley,hsolleyde@msn.com,31
484,Davis,Brendel,dbrendeldf@ow.ly,16
485,Edee,Swigger,eswiggerdg@cyberchimps.com,39
486,Rorke,Krolak,rkrolakdh@hp.com,10
487,Shawnee,Belford,sbelforddi@google.co.uk,21
488,Bonnie,Padbery,bpadberydj@cocolog-nifty.com,31
489,Sonya,Peerless,speerlessdk@ibm.com,31
490,Ansell,Blowing,ablowingdl@nbcnews.com,21
491,Ryan,Dillon,rdillondm@mashable.com,38
492,Jemimah,Sisneros,jsisnerosdn@google.fr,7
493,Gerrie,Freezer,gfreezerdo@addtoany.com,4
494,Franklyn,Bellwood,fbellwooddp@cafepress.com,4
495,Arturo,Nesbeth,anesbethdq@infoseek.co.jp,9
496,Renaud,Klimkowski,rklimkowskidr@stumbleupon.com,11
497,Donovan,Kmieciak,dkmieciakds@sakura.ne.jp,13
498,Lay,Piggrem,lpiggremdt@yolasite.com,9
499,Torre,Omand,tomanddu@shutterfly.com,42
500,Lonee,Munks,lmunksdv@blogspot.com,7
501,Carree,Reinger,creingerdw@desdev.cn,8
